"gene","trait","GS","pVal","moduleMembership","degree","module","hubGeneSignificance","moduleSignificance"
"GADD45B.4616","clinical_data_days_to_death",-0.217975090612077,2.99333113930628e-06,0.872465477986135,36.1665648314188,"green",0.00278537657104187,0.0503132876552961
"SERTAD1.29950","clinical_data_days_to_death",-0.211075965343077,4.05305252914961e-06,0.823226960908665,28.4270239664013,"green",0.00278537657104187,0.0503132876552961
"SLC25A25.114789","clinical_data_days_to_death",-0.260948428911424,4.4981963200822e-07,0.820515288781282,32.1133240956963,"green",0.00278537657104187,0.0503132876552961
"NOL6.65083","clinical_data_karnofsky_performance_score",-0.245921627173628,8.7468138373792e-07,0.856461265697761,5.24012558875604,"orange",0.0122341243933725,0.0414478633873713
"MPO.4353","clinical_data_karnofsky_performance_score",-0.284109108537785,1.60153701023831e-07,0.806764364447903,2.12001560542437,"coral2",NA,NA
"C1D.10438","clinical_data_karnofsky_performance_score",0.261011835931114,4.48555892061302e-07,0.830111107524587,101.417811722081,"blue",0.000638078343235831,0.0394835560624265
"CBR4.84869","clinical_data_karnofsky_performance_score",0.261552371619897,4.37924621820376e-07,0.809196752636431,87.0912351341711,"blue",0.000638078343235831,0.0394835560624265
"EFHA1.221154","clinical_data_karnofsky_performance_score",0.210440679824851,4.16775041307435e-06,0.873912549549506,129.157016647731,"blue",0.000638078343235831,0.0394835560624265
"RAP1A.5906","clinical_data_karnofsky_performance_score",0.241236845421318,1.07553330179712e-06,0.854637355280995,96.6349388861013,"blue",0.000638078343235831,0.0394835560624265
"SUMO2.6613","clinical_data_karnofsky_performance_score",0.209048523561243,4.4305764173855e-06,0.823569545882188,88.7554950433738,"blue",0.000638078343235831,0.0394835560624265
"ZFAND6.54469","clinical_data_karnofsky_performance_score",0.215788023027525,3.29522683198175e-06,0.821516082632116,96.9213916845552,"blue",0.000638078343235831,0.0394835560624265
"X..155060","clinical_data_karnofsky_performance_score",0.381263910822851,1.77006898732668e-09,0.953780150007058,69.5624639185995,"darkturquoise",0.00673049812767953,0.120512645965126
"ADAT2.134637","clinical_data_karnofsky_performance_score",0.32625985352154,2.36290855962267e-08,0.819363959227861,44.1720982475358,"darkturquoise",0.00673049812767953,0.120512645965126
"AFG3L1.172","clinical_data_karnofsky_performance_score",0.294742698571395,9.92886192427468e-08,0.865285283319682,41.8695763162698,"darkturquoise",0.00673049812767953,0.120512645965126
"AGAP4.119016","clinical_data_karnofsky_performance_score",0.400077579923872,7.06910510594896e-10,0.923555310377555,61.1441505915858,"darkturquoise",0.00673049812767953,0.120512645965126
"AGAP6.414189","clinical_data_karnofsky_performance_score",0.306686285157796,5.78297986854191e-08,0.865331067507649,43.5555602791136,"darkturquoise",0.00673049812767953,0.120512645965126
"AHSA2.130872","clinical_data_karnofsky_performance_score",0.456918193438379,3.90220011468431e-11,0.909707591035301,64.2967313723825,"darkturquoise",0.00673049812767953,0.120512645965126
"AMT.275","clinical_data_karnofsky_performance_score",0.203144976424865,5.74241776255089e-06,0.822619374526565,31.6080320534767,"darkturquoise",0.00673049812767953,0.120512645965126
"AMY2B.280","clinical_data_karnofsky_performance_score",0.32592641478821,2.3994615946813e-08,0.874688339069313,53.4937100453961,"darkturquoise",0.00673049812767953,0.120512645965126
"ANKRD10.55608","clinical_data_karnofsky_performance_score",0.274636240422551,2.4465048722189e-07,0.814973697164085,41.6274112376527,"darkturquoise",0.00673049812767953,0.120512645965126
"ANKRD36.375248","clinical_data_karnofsky_performance_score",0.499305495281827,3.88266185183402e-12,0.817337231538574,45.6996990939179,"darkturquoise",0.00673049812767953,0.120512645965126
"AP1G2.8906","clinical_data_karnofsky_performance_score",0.254517847232737,5.98147385677592e-07,0.862554128503684,43.5963806391782,"darkturquoise",0.00673049812767953,0.120512645965126
"APBB3.10307","clinical_data_karnofsky_performance_score",0.202096838103535,6.01306641880547e-06,0.877403410206097,48.9628757361043,"darkturquoise",0.00673049812767953,0.120512645965126
"ARHGAP33.115703","clinical_data_karnofsky_performance_score",0.272325881740038,2.71205659658574e-07,0.855598978048879,44.7089126067465,"darkturquoise",0.00673049812767953,0.120512645965126
"ARHGEF1.9138","clinical_data_karnofsky_performance_score",0.22618991194897,2.08614817756892e-06,0.833827998121153,33.577523509894,"darkturquoise",0.00673049812767953,0.120512645965126
"ATG16L2.89849","clinical_data_karnofsky_performance_score",0.469592302323265,1.98628379010253e-11,0.930972483883199,64.8598618401857,"darkturquoise",0.00673049812767953,0.120512645965126
"ATHL1.80162","clinical_data_karnofsky_performance_score",0.261222741127992,4.44377698683439e-07,0.86856139325521,48.6483574813862,"darkturquoise",0.00673049812767953,0.120512645965126
"BAT1.7919","clinical_data_karnofsky_performance_score",0.424059171971241,2.13377708477395e-10,0.815928023871475,45.6743588995883,"darkturquoise",0.00673049812767953,0.120512645965126
"C16orf79.283870","clinical_data_karnofsky_performance_score",0.291508539744281,1.14863061053002e-07,0.92852299848122,57.1078357539462,"darkturquoise",0.00673049812767953,0.120512645965126
"C1orf63.57035","clinical_data_karnofsky_performance_score",0.41381178268017,3.5743068547422e-10,0.827967830545515,46.6077076480985,"darkturquoise",0.00673049812767953,0.120512645965126
"CAPN3.825","clinical_data_karnofsky_performance_score",0.329538575878783,2.03143291475146e-08,0.85423101595361,40.0330226818566,"darkturquoise",0.00673049812767953,0.120512645965126
"CCDC130.81576","clinical_data_karnofsky_performance_score",0.234702335481291,1.43441826231887e-06,0.875152754553684,41.3272725860755,"darkturquoise",0.00673049812767953,0.120512645965126
"CCDC57.284001","clinical_data_karnofsky_performance_score",0.26296605525404,4.11286694010103e-07,0.899143709229141,41.1316054052259,"darkturquoise",0.00673049812767953,0.120512645965126
"CCDC84.338657","clinical_data_karnofsky_performance_score",0.219408834886363,2.81057378096384e-06,0.828804872252652,36.3064345318255,"darkturquoise",0.00673049812767953,0.120512645965126
"CCNL2.81669","clinical_data_karnofsky_performance_score",0.384394259771689,1.52125739167306e-09,0.953139230753197,81.2969765305865,"darkturquoise",0.00673049812767953,0.120512645965126
"CDK3.1018","clinical_data_karnofsky_performance_score",0.249818476374554,7.3635412328451e-07,0.902644000755535,53.8984146562328,"darkturquoise",0.00673049812767953,0.120512645965126
"CELF6.60677","clinical_data_karnofsky_performance_score",0.325479380902502,2.44934165645615e-08,0.864322979651634,48.8086065984144,"darkturquoise",0.00673049812767953,0.120512645965126
"CENPT.80152","clinical_data_karnofsky_performance_score",0.212473808349066,3.8116683354266e-06,0.840025780694694,35.6003000512785,"darkturquoise",0.00673049812767953,0.120512645965126
"CHKB.CPT1B.386593","clinical_data_karnofsky_performance_score",0.439693305472369,9.59274349166498e-11,0.960041455497253,77.9952863475467,"darkturquoise",0.00673049812767953,0.120512645965126
"CPT1B.1375","clinical_data_karnofsky_performance_score",0.290044684564317,1.22683163437873e-07,0.892356869204219,49.8839871121424,"darkturquoise",0.00673049812767953,0.120512645965126
"CSAD.51380","clinical_data_karnofsky_performance_score",0.337833185149866,1.38354861784745e-08,0.926369101667501,69.7490540656899,"darkturquoise",0.00673049812767953,0.120512645965126
"DNHD1.144132","clinical_data_karnofsky_performance_score",0.367160649588663,3.48237773983022e-09,0.894833542343023,45.2623479982643,"darkturquoise",0.00673049812767953,0.120512645965126
"DOM3Z.1797","clinical_data_karnofsky_performance_score",0.251366714488324,6.87636281040804e-07,0.8185801977998,30.629653665761,"darkturquoise",0.00673049812767953,0.120512645965126
"ECHDC2.55268","clinical_data_karnofsky_performance_score",0.248336185407323,7.8620407739515e-07,0.881721652782112,39.1097234391699,"darkturquoise",0.00673049812767953,0.120512645965126
"FAM156A.29057","clinical_data_karnofsky_performance_score",0.216132040661433,3.24579864289632e-06,0.880636910163828,47.979658958746,"darkturquoise",0.00673049812767953,0.120512645965126
"FAM193B.54540","clinical_data_karnofsky_performance_score",0.258556769243203,5.00154450742706e-07,0.956128051752951,71.865320994552,"darkturquoise",0.00673049812767953,0.120512645965126
"FLJ45340.402483","clinical_data_karnofsky_performance_score",0.51474403140006,1.61364608727717e-12,0.83244534582778,34.900508556679,"darkturquoise",0.00673049812767953,0.120512645965126
"FNBP4.23360","clinical_data_karnofsky_performance_score",0.407102695326961,4.9939122925844e-10,0.846866405460922,52.803289456466,"darkturquoise",0.00673049812767953,0.120512645965126
"GABBR1.2550","clinical_data_karnofsky_performance_score",0.459313986671557,3.43767209454503e-11,0.902513246239412,63.351485668168,"darkturquoise",0.00673049812767953,0.120512645965126
"GOLGA2B.55592","clinical_data_karnofsky_performance_score",0.284882776636374,1.54692767487507e-07,0.814396619897737,31.1378995572752,"darkturquoise",0.00673049812767953,0.120512645965126
"GOLGA8A.23015","clinical_data_karnofsky_performance_score",0.408936576510144,4.55877282678657e-10,0.898730566053343,62.7919730768738,"darkturquoise",0.00673049812767953,0.120512645965126
"GOLGA8B.440270","clinical_data_karnofsky_performance_score",0.390585949031778,1.12578561315023e-09,0.824408366328488,42.5257996101021,"darkturquoise",0.00673049812767953,0.120512645965126
"GSDMB.55876","clinical_data_karnofsky_performance_score",0.209958961517741,4.25688132254808e-06,0.873506175799717,41.6977524955134,"darkturquoise",0.00673049812767953,0.120512645965126
"HSF4.3299","clinical_data_karnofsky_performance_score",0.334147672605618,1.64151495221717e-08,0.889473040338122,49.6252615489277,"darkturquoise",0.00673049812767953,0.120512645965126
"KIAA0895L.653319","clinical_data_karnofsky_performance_score",0.228037057781611,1.92338153792662e-06,0.883830074863749,46.3670454637849,"darkturquoise",0.00673049812767953,0.120512645965126
"KIFC2.90990","clinical_data_karnofsky_performance_score",0.222450173745906,2.45893715576209e-06,0.924042210956281,54.332004059388,"darkturquoise",0.00673049812767953,0.120512645965126
"L3MBTL.26013","clinical_data_karnofsky_performance_score",0.375056188066428,2.38695694306501e-09,0.854007643611197,47.8909016565471,"darkturquoise",0.00673049812767953,0.120512645965126
"LENG8.114823","clinical_data_karnofsky_performance_score",0.528768565248685,7.12774846577778e-13,0.943636662428564,70.1217443775728,"darkturquoise",0.00673049812767953,0.120512645965126
"LOC100131434.100131434","clinical_data_karnofsky_performance_score",0.384465418910349,1.51601951069954e-09,0.848643429627023,50.0971244351505,"darkturquoise",0.00673049812767953,0.120512645965126
"LOC100132287.100132287","clinical_data_karnofsky_performance_score",0.463413084823566,2.76481185007493e-11,0.859737781590171,39.9505172404284,"darkturquoise",0.00673049812767953,0.120512645965126
"LOC100133331.100133331","clinical_data_karnofsky_performance_score",0.350521232930647,7.65003951994775e-09,0.80335944027004,30.164499911476,"darkturquoise",0.00673049812767953,0.120512645965126
"LOC100272228.100272228","clinical_data_karnofsky_performance_score",0.367971813390962,3.35027607472857e-09,0.836441567020835,47.4918260057734,"darkturquoise",0.00673049812767953,0.120512645965126
"LOC146880.146880","clinical_data_karnofsky_performance_score",0.454627036603889,4.40335664143051e-11,0.935501866883476,67.1483917499136,"darkturquoise",0.00673049812767953,0.120512645965126
"LOC150776.150776","clinical_data_karnofsky_performance_score",0.237880215947863,1.24704661951624e-06,0.885721111530399,42.8114005192598,"darkturquoise",0.00673049812767953,0.120512645965126
"LOC338799.338799","clinical_data_karnofsky_performance_score",0.33632901018975,1.48362631771685e-08,0.821244310520221,43.8633381483788,"darkturquoise",0.00673049812767953,0.120512645965126
"LOC349114.349114","clinical_data_karnofsky_performance_score",0.345878269263963,9.50921982377971e-09,0.839897904902188,32.8550886323962,"darkturquoise",0.00673049812767953,0.120512645965126
"LOC646471.646471","clinical_data_karnofsky_performance_score",0.338903788813357,1.31639014148813e-08,0.868633191821304,49.1948121507292,"darkturquoise",0.00673049812767953,0.120512645965126
"LOC91316.91316","clinical_data_karnofsky_performance_score",0.376528370548316,2.22393012142329e-09,0.936337967161993,69.2178816039513,"darkturquoise",0.00673049812767953,0.120512645965126
"LUC7L.55692","clinical_data_karnofsky_performance_score",0.346876297230341,9.07542635207902e-09,0.920896521086144,59.2814308953072,"darkturquoise",0.00673049812767953,0.120512645965126
"LY6G5B.58496","clinical_data_karnofsky_performance_score",0.431791105284639,1.43971056801715e-10,0.86962777775086,45.1070964131774,"darkturquoise",0.00673049812767953,0.120512645965126
"MALAT1.378938","clinical_data_karnofsky_performance_score",0.373694172538722,2.5481773229547e-09,0.823022105705834,39.999599856281,"darkturquoise",0.00673049812767953,0.120512645965126
"MAMDC4.158056","clinical_data_karnofsky_performance_score",0.204738107714732,5.35422136001488e-06,0.836065352208049,38.8286913480096,"darkturquoise",0.00673049812767953,0.120512645965126
"MAPK8IP3.23162","clinical_data_karnofsky_performance_score",0.441646304725552,8.6714358385018e-11,0.952469743068114,64.6279242959627,"darkturquoise",0.00673049812767953,0.120512645965126
"MSH5.4439","clinical_data_karnofsky_performance_score",0.25051436956796,7.14046571907714e-07,0.882647539377018,45.8225513230713,"darkturquoise",0.00673049812767953,0.120512645965126
"MYO15B.80022","clinical_data_karnofsky_performance_score",0.446390904520949,6.7779436682768e-11,0.929247767753005,66.1057650948737,"darkturquoise",0.00673049812767953,0.120512645965126
"MZF1.7593","clinical_data_karnofsky_performance_score",0.37184655189743,2.78403795394691e-09,0.905054569548497,44.1888636959683,"darkturquoise",0.00673049812767953,0.120512645965126
"NCRNA00105.80161","clinical_data_karnofsky_performance_score",0.28380173789938,1.62375783591039e-07,0.904109872346442,54.2413688443788,"darkturquoise",0.00673049812767953,0.120512645965126
"NCRNA00174.285908","clinical_data_karnofsky_performance_score",0.38783154487334,1.2874265766742e-09,0.890488903525281,45.1743023977451,"darkturquoise",0.00673049812767953,0.120512645965126
"NEAT1.283131","clinical_data_karnofsky_performance_score",0.568962197099611,6.10790407223157e-14,0.92290119569885,61.9586374739073,"darkturquoise",0.00673049812767953,0.120512645965126
"NPIPL3.23117","clinical_data_karnofsky_performance_score",0.413294053879606,3.66809127180872e-10,0.802305915833821,33.674431508924,"darkturquoise",0.00673049812767953,0.120512645965126
"NSUN5P2.260294","clinical_data_karnofsky_performance_score",0.259255321167188,4.84901507067569e-07,0.864860280350314,46.1629572017451,"darkturquoise",0.00673049812767953,0.120512645965126
"NXF1.10482","clinical_data_karnofsky_performance_score",0.339028959942796,1.30875052014991e-08,0.842823258499991,40.8943437604926,"darkturquoise",0.00673049812767953,0.120512645965126
"PABPC1L.80336","clinical_data_karnofsky_performance_score",0.425328542297813,2.00081161114888e-10,0.915198911116353,68.4458458023436,"darkturquoise",0.00673049812767953,0.120512645965126
"PABPN1.8106","clinical_data_karnofsky_performance_score",0.238144105377301,1.23262966207022e-06,0.822550150685772,33.2679197369476,"darkturquoise",0.00673049812767953,0.120512645965126
"PDXDC2.283970","clinical_data_karnofsky_performance_score",0.409635056802456,4.40297673384558e-10,0.895608956755131,56.5927983284738,"darkturquoise",0.00673049812767953,0.120512645965126
"PILRB.29990","clinical_data_karnofsky_performance_score",0.410366846486899,4.24533359950245e-10,0.906975956300203,63.3067207245768,"darkturquoise",0.00673049812767953,0.120512645965126
"PLA2G6.8398","clinical_data_karnofsky_performance_score",0.403726730354115,5.90356921538231e-10,0.932128130430923,57.5109816659035,"darkturquoise",0.00673049812767953,0.120512645965126
"PLEKHM1P.440456","clinical_data_karnofsky_performance_score",0.278187895405395,2.08763834494191e-07,0.8542769476781,43.064708952518,"darkturquoise",0.00673049812767953,0.120512645965126
"PPIEL.728448","clinical_data_karnofsky_performance_score",0.405858236781006,5.31204793306435e-10,0.833804911051878,46.8538373369356,"darkturquoise",0.00673049812767953,0.120512645965126
"RBM5.10181","clinical_data_karnofsky_performance_score",0.345898523755079,9.50021703441414e-09,0.858616782212905,51.3000628198382,"darkturquoise",0.00673049812767953,0.120512645965126
"RBM6.10180","clinical_data_karnofsky_performance_score",0.459226992731966,3.45355469299873e-11,0.839460804216909,46.3178367904533,"darkturquoise",0.00673049812767953,0.120512645965126
"RPL32P3.132241","clinical_data_karnofsky_performance_score",0.428083491913825,1.73945586075108e-10,0.840932434963484,41.7137316428739,"darkturquoise",0.00673049812767953,0.120512645965126
"SCNN1D.6339","clinical_data_karnofsky_performance_score",0.20714749440843,4.81645536935861e-06,0.865197525259165,41.8366795905039,"darkturquoise",0.00673049812767953,0.120512645965126
"SDHAP1.255812","clinical_data_karnofsky_performance_score",0.298596665475337,8.34327214690073e-08,0.859481925734433,43.5421160951212,"darkturquoise",0.00673049812767953,0.120512645965126
"SEC31B.25956","clinical_data_karnofsky_performance_score",0.430364175133437,1.5485726326855e-10,0.882367110710579,60.5455529615225,"darkturquoise",0.00673049812767953,0.120512645965126
"SFRS14.10147","clinical_data_karnofsky_performance_score",0.381954401980704,1.71197212918373e-09,0.860591189534392,51.1425953118201,"darkturquoise",0.00673049812767953,0.120512645965126
"SFRS16.11129","clinical_data_karnofsky_performance_score",0.373740163716483,2.54256333919564e-09,0.864626703149445,37.7348873846369,"darkturquoise",0.00673049812767953,0.120512645965126
"SFRS17A.8227","clinical_data_karnofsky_performance_score",0.3902348974486,1.14522589201564e-09,0.899889733525112,45.7348948684374,"darkturquoise",0.00673049812767953,0.120512645965126
"SLC25A27.9481","clinical_data_karnofsky_performance_score",0.268816361425715,3.17096625658339e-07,0.836653528599126,46.4452735289372,"darkturquoise",0.00673049812767953,0.120512645965126
"SNHG12.85028","clinical_data_karnofsky_performance_score",0.276665744515637,2.23457186382034e-07,0.858490980923491,46.5287437792098,"darkturquoise",0.00673049812767953,0.120512645965126
"TAF1C.9013","clinical_data_karnofsky_performance_score",0.208810445373533,4.47715517851785e-06,0.830398016184706,34.3102002918957,"darkturquoise",0.00673049812767953,0.120512645965126
"TBC1D3B.414059","clinical_data_karnofsky_performance_score",0.427875146400405,1.75799660650013e-10,0.883832153907581,45.3832841492797,"darkturquoise",0.00673049812767953,0.120512645965126
"TTLL3.26140","clinical_data_karnofsky_performance_score",0.385354397389899,1.45205306506456e-09,0.924315611965178,62.5468294368414,"darkturquoise",0.00673049812767953,0.120512645965126
"TUBGCP6.85378","clinical_data_karnofsky_performance_score",0.312918162478501,4.35472988395538e-08,0.918460048824421,55.1150604709516,"darkturquoise",0.00673049812767953,0.120512645965126
"WASH7P.653635","clinical_data_karnofsky_performance_score",0.260220837921399,4.64576085103704e-07,0.890466660958797,44.2952183823608,"darkturquoise",0.00673049812767953,0.120512645965126
"WDR27.253769","clinical_data_karnofsky_performance_score",0.424872274710598,2.04764659298384e-10,0.850950175309046,48.6474083441882,"darkturquoise",0.00673049812767953,0.120512645965126
"YJEFN3.374887","clinical_data_karnofsky_performance_score",0.311168221807258,4.71633774196914e-08,0.905231954459738,54.2886293721735,"darkturquoise",0.00673049812767953,0.120512645965126
"ZBTB48.3104","clinical_data_karnofsky_performance_score",0.214024837120588,3.56061347165434e-06,0.828739461142577,26.9452909664288,"darkturquoise",0.00673049812767953,0.120512645965126
"ZNF276.92822","clinical_data_karnofsky_performance_score",0.276841510512741,2.21709592615226e-07,0.8811109792722,44.7910443057978,"darkturquoise",0.00673049812767953,0.120512645965126
"ZNF335.63925","clinical_data_karnofsky_performance_score",0.340803868519473,1.20499752828793e-08,0.835543131442735,32.3899566522446,"darkturquoise",0.00673049812767953,0.120512645965126
"ZNF692.55657","clinical_data_karnofsky_performance_score",0.245118465859635,9.06251370193947e-07,0.897154173154369,56.9233165001487,"darkturquoise",0.00673049812767953,0.120512645965126
"ZNF767.79970","clinical_data_karnofsky_performance_score",0.370848602839109,2.92019723762854e-09,0.878923299465378,55.0531858021581,"darkturquoise",0.00673049812767953,0.120512645965126
"ACAD11.84129","clinical_data_karnofsky_performance_score",0.267936536653525,3.29758502682552e-07,0.801428110704165,13.9505033166484,"midnightblue",0.020616987688447,0.145788048248147
"ARGLU1.55082","clinical_data_karnofsky_performance_score",0.407671181404039,4.85485436566845e-10,0.890575132759268,25.9133595060554,"midnightblue",0.020616987688447,0.145788048248147
"C1orf104.284618","clinical_data_karnofsky_performance_score",0.346632025530288,9.17976794076824e-09,0.87447482416875,19.5642202581198,"midnightblue",0.020616987688447,0.145788048248147
"C4orf21.55345","clinical_data_karnofsky_performance_score",0.242819555701741,1.00301339401669e-06,0.804127565213615,12.8319009026338,"midnightblue",0.020616987688447,0.145788048248147
"CAPRIN2.65981","clinical_data_karnofsky_performance_score",0.325091396571785,2.49345897890887e-08,0.81861691487294,14.2673010121907,"midnightblue",0.020616987688447,0.145788048248147
"CCDC14.64770","clinical_data_karnofsky_performance_score",0.405978118432854,5.28055867492602e-10,0.886636497851995,18.9223779789847,"midnightblue",0.020616987688447,0.145788048248147
"CCDC45.90799","clinical_data_karnofsky_performance_score",0.342409308280395,1.1181388682703e-08,0.859913500739846,19.2641865883997,"midnightblue",0.020616987688447,0.145788048248147
"CCNT2.905","clinical_data_karnofsky_performance_score",0.294321486647683,1.01192353190256e-07,0.831647306641364,11.7202962793299,"midnightblue",0.020616987688447,0.145788048248147
"CLK4.57396","clinical_data_karnofsky_performance_score",0.311840858170968,4.57397175323726e-08,0.8507995881075,16.631709005453,"midnightblue",0.020616987688447,0.145788048248147
"CREBZF.58487","clinical_data_karnofsky_performance_score",0.406825728202872,5.06306442462611e-10,0.879945234096305,24.1450964814374,"midnightblue",0.020616987688447,0.145788048248147
"DDX17.10521","clinical_data_karnofsky_performance_score",0.312538609266055,4.43076494982863e-08,0.878670942191214,18.2283671118091,"midnightblue",0.020616987688447,0.145788048248147
"DMTF1.9988","clinical_data_karnofsky_performance_score",0.483594696933701,9.28667004064241e-12,0.946843092530865,31.9651108467796,"midnightblue",0.020616987688447,0.145788048248147
"FAM111A.63901","clinical_data_karnofsky_performance_score",0.21280235875293,3.75705160314315e-06,0.808377345957022,11.9009904580753,"midnightblue",0.020616987688447,0.145788048248147
"FAM13AOS.285512","clinical_data_karnofsky_performance_score",0.263604815624592,3.99783580838786e-07,0.842061771291785,15.9202861588832,"midnightblue",0.020616987688447,0.145788048248147
"GCFC1.94104","clinical_data_karnofsky_performance_score",0.302050408260735,7.13628791749083e-08,0.918488578380087,22.0409681552976,"midnightblue",0.020616987688447,0.145788048248147
"GK5.256356","clinical_data_karnofsky_performance_score",0.204446802775314,5.42318583211459e-06,0.829821398567981,11.4071120580819,"midnightblue",0.020616987688447,0.145788048248147
"GOLGA6L10.647042","clinical_data_karnofsky_performance_score",0.310627754909598,4.83388571241432e-08,0.858058772624058,19.1016505836904,"midnightblue",0.020616987688447,0.145788048248147
"HNRNPH1.3187","clinical_data_karnofsky_performance_score",0.396642944542374,8.37009343298041e-10,0.905470293249718,22.1837393356596,"midnightblue",0.020616987688447,0.145788048248147
"KIAA0907.22889","clinical_data_karnofsky_performance_score",0.25633430142188,5.51918953587643e-07,0.80391129636168,14.9911371470017,"midnightblue",0.020616987688447,0.145788048248147
"LOC221442.221442","clinical_data_karnofsky_performance_score",0.325575730265146,2.43850546303404e-08,0.857442409880322,20.7371940162946,"midnightblue",0.020616987688447,0.145788048248147
"LOC440944.440944","clinical_data_karnofsky_performance_score",0.362677186105016,4.31000469600667e-09,0.831989248775825,18.1521081662193,"midnightblue",0.020616987688447,0.145788048248147
"LUC7L3.51747","clinical_data_karnofsky_performance_score",0.391241228988476,1.09035819019001e-09,0.880170889712597,21.0247443889279,"midnightblue",0.020616987688447,0.145788048248147
"N4BP2L2.10443","clinical_data_karnofsky_performance_score",0.434457904379074,1.25592085388325e-10,0.848113180285543,13.9325008490042,"midnightblue",0.020616987688447,0.145788048248147
"NCRNA00201.284702","clinical_data_karnofsky_performance_score",0.415043700464375,3.36046866587524e-10,0.845647335530641,17.1936857213437,"midnightblue",0.020616987688447,0.145788048248147
"NKTR.4820","clinical_data_karnofsky_performance_score",0.428265481958807,1.72341677416162e-10,0.926966679291829,29.1840753593545,"midnightblue",0.020616987688447,0.145788048248147
"OGT.8473","clinical_data_karnofsky_performance_score",0.469488903169475,1.99735323671202e-11,0.916299842252276,25.9069728716646,"midnightblue",0.020616987688447,0.145788048248147
"PAN2.9924","clinical_data_karnofsky_performance_score",0.37130126549774,2.85764628120603e-09,0.837332464143537,18.2566113795401,"midnightblue",0.020616987688447,0.145788048248147
"PRPF39.55015","clinical_data_karnofsky_performance_score",0.303031313221392,6.82608917709159e-08,0.850121750925589,16.904614808613,"midnightblue",0.020616987688447,0.145788048248147
"PRPF3.9129","clinical_data_karnofsky_performance_score",0.332151408567455,1.80041741330579e-08,0.871102614157993,20.7653820004472,"midnightblue",0.020616987688447,0.145788048248147
"RBM39.9584","clinical_data_karnofsky_performance_score",0.450096318036928,5.58570784547711e-11,0.841642233044718,17.7208118069654,"midnightblue",0.020616987688447,0.145788048248147
"RNPC3.55599","clinical_data_karnofsky_performance_score",0.36446227150278,3.95962967339489e-09,0.91606149864877,20.876111890412,"midnightblue",0.020616987688447,0.145788048248147
"RUFY3.22902","clinical_data_karnofsky_performance_score",0.205462403582429,5.186530706067e-06,0.819344967777376,10.870494963415,"midnightblue",0.020616987688447,0.145788048248147
"SENP7.57337","clinical_data_karnofsky_performance_score",0.385747146236815,1.4246415051349e-09,0.806763794678281,12.9309849825459,"midnightblue",0.020616987688447,0.145788048248147
"SF3B1.23451","clinical_data_karnofsky_performance_score",0.299456543326839,8.02515790954578e-08,0.809034702630645,12.0627698659681,"midnightblue",0.020616987688447,0.145788048248147
"SFRS11.9295","clinical_data_karnofsky_performance_score",0.454931964284009,4.33320706058095e-11,0.904188071534062,24.9568842371704,"midnightblue",0.020616987688447,0.145788048248147
"SFRS12.140890","clinical_data_karnofsky_performance_score",0.394923087576115,9.10679577845101e-10,0.816861984115333,14.2952689404819,"midnightblue",0.020616987688447,0.145788048248147
"SFRS18.25957","clinical_data_karnofsky_performance_score",0.517577463092114,1.37019953964093e-12,0.911852260727022,23.7382493808226,"midnightblue",0.020616987688447,0.145788048248147
"SR140.23350","clinical_data_karnofsky_performance_score",0.246489174664661,8.53034089404732e-07,0.824548441800509,10.3748485354925,"midnightblue",0.020616987688447,0.145788048248147
"SS18L1.26039","clinical_data_karnofsky_performance_score",0.220920633112328,2.62991968497783e-06,0.848871210983473,15.2035372898625,"midnightblue",0.020616987688447,0.145788048248147
"TARBP1.6894","clinical_data_karnofsky_performance_score",0.290780042623112,1.18691207576545e-07,0.841487533508377,15.2722742202711,"midnightblue",0.020616987688447,0.145788048248147
"TBRG1.84897","clinical_data_karnofsky_performance_score",0.357395788234698,5.53443247943412e-09,0.950703328907718,25.071185652657,"midnightblue",0.020616987688447,0.145788048248147
"TIA1.7072","clinical_data_karnofsky_performance_score",0.297919732760894,8.60243064847955e-08,0.808549550164358,14.3000028591348,"midnightblue",0.020616987688447,0.145788048248147
"TNRC6A.27327","clinical_data_karnofsky_performance_score",0.240629918722641,1.10470552723367e-06,0.806089793326056,11.1122495849445,"midnightblue",0.020616987688447,0.145788048248147
"TTC14.151613","clinical_data_karnofsky_performance_score",0.477595497366889,1.28867634482193e-11,0.924996036194737,27.8558113633263,"midnightblue",0.020616987688447,0.145788048248147
"ZMAT1.84460","clinical_data_karnofsky_performance_score",0.423553837949277,2.18907776899936e-10,0.905278218189771,22.9883158716829,"midnightblue",0.020616987688447,0.145788048248147
"ZNF354B.117608","clinical_data_karnofsky_performance_score",0.272545435539194,2.68564069359193e-07,0.851140480102301,15.2733235298445,"midnightblue",0.020616987688447,0.145788048248147
"ZNF37B.100129482","clinical_data_karnofsky_performance_score",0.342648217117611,1.10575044792478e-08,0.909495007360941,18.9881210960673,"midnightblue",0.020616987688447,0.145788048248147
"ZNF83.55769","clinical_data_karnofsky_performance_score",0.390521196556023,1.12934697398369e-09,0.853790237156646,17.0023936785899,"midnightblue",0.020616987688447,0.145788048248147
"ZRANB2.9406","clinical_data_karnofsky_performance_score",0.325106908398976,2.49168023259736e-08,0.809520742914789,13.2392377546242,"midnightblue",0.020616987688447,0.145788048248147
"ADAM18.8749","clinical_data_pathology_M_stage",1,0,0.989890546841471,14.8244546036594,"lightpink4",0.0463250241371383,0.265133422266728
"AQP12A.375318","clinical_data_pathology_M_stage",1,0,0.989890546841471,14.8244546036594,"lightpink4",0.0463250241371383,0.265133422266728
"GABRR3.200959","clinical_data_pathology_M_stage",0.369745138291201,3.07835552797914e-09,0.989457502215246,14.7689220187842,"lightpink4",0.0463250241371383,0.265133422266728
"KRT37.8688","clinical_data_pathology_M_stage",0.369745138291201,3.07835552797914e-09,0.947918734458141,12.9635784586425,"lightpink4",0.0463250241371383,0.265133422266728
"LST.3TM12.338821","clinical_data_pathology_M_stage",0.369745138291201,3.07835552797914e-09,0.960390538386493,12.6743657955303,"lightpink4",0.0463250241371383,0.265133422266728
"OR4F5.79501","clinical_data_pathology_M_stage",1,0,0.989890546841471,14.8244546036594,"lightpink4",0.0463250241371383,0.265133422266728
"RBMY1F.159163","clinical_data_pathology_M_stage",1,0,0.989890546841471,14.8244546036594,"lightpink4",0.0463250241371383,0.265133422266728
"SPRYD5.84767","clinical_data_pathology_M_stage",1,0,0.912524693568899,11.7709283748869,"lightpink4",0.0463250241371383,0.265133422266728
"TTTY23.252955","clinical_data_pathology_M_stage",1,0,0.989890546841471,14.8244546036594,"lightpink4",0.0463250241371383,0.265133422266728
"CD28.940","clinical_data_year_of_tobacco_smoking_onset",-0.319049579094853,3.29041401002479e-08,0.823155611080733,22.5578169250886,"darkgreen",0.000893930874467868,0.0214906555130307
"SLC16A2.6567","clinical_data_year_of_tobacco_smoking_onset",-0.244027228932054,9.50966672221704e-07,0.875409310911915,15.5045497548641,"greenyellow",0.00195283943636793,0.0568161109094172
"XPNPEP2.7512","clinical_data_year_of_tobacco_smoking_onset",-0.216175173755084,3.23965379407737e-06,0.800448776152401,11.7527882361977,"greenyellow",0.00195283943636793,0.0568161109094172
"X..90288","clinical_data_year_of_tobacco_smoking_onset",0.257722114013922,5.19004297663976e-07,0.973860803912078,394.579122973463,"turquoise",0.000808556373321066,0.109553339733891
"ABCA13.154664","clinical_data_year_of_tobacco_smoking_onset",0.244027228932054,9.50966672221704e-07,0.897164562353977,245.543486121371,"turquoise",0.000808556373321066,0.109553339733891
"AGBL2.79841","clinical_data_year_of_tobacco_smoking_onset",0.263969654123109,3.93357070679405e-07,0.94614498413077,311.273442841279,"turquoise",0.000808556373321066,0.109553339733891
"AK7.122481","clinical_data_year_of_tobacco_smoking_onset",0.250356154085318,7.190586364728e-07,0.937545289178019,306.69626833208,"turquoise",0.000808556373321066,0.109553339733891
"AKAP14.158798","clinical_data_year_of_tobacco_smoking_onset",0.364410482693352,3.96938969151358e-09,0.933933389577895,329.804584332637,"turquoise",0.000808556373321066,0.109553339733891
"ALS2CR12.130540","clinical_data_year_of_tobacco_smoking_onset",0.210168127919592,4.217948088787e-06,0.915854191537854,274.888744034243,"turquoise",0.000808556373321066,0.109553339733891
"ANKMY1.51281","clinical_data_year_of_tobacco_smoking_onset",0.225115389372557,2.18707709143912e-06,0.880699624561851,205.109740624644,"turquoise",0.000808556373321066,0.109553339733891
"APOBEC4.403314","clinical_data_year_of_tobacco_smoking_onset",0.219499467207735,2.79940272920795e-06,0.977802787731904,392.412380973497,"turquoise",0.000808556373321066,0.109553339733891
"ARMC2.84071","clinical_data_year_of_tobacco_smoking_onset",0.333187264098287,1.71616278707054e-08,0.92464745798009,266.758972525642,"turquoise",0.000808556373321066,0.109553339733891
"ARMC3.219681","clinical_data_year_of_tobacco_smoking_onset",0.269678053325664,3.05162740204536e-07,0.963635376396649,389.629473220465,"turquoise",0.000808556373321066,0.109553339733891
"ARMC4.55130","clinical_data_year_of_tobacco_smoking_onset",0.29198537014808,1.12423681252179e-07,0.97181131872119,390.850962977335,"turquoise",0.000808556373321066,0.109553339733891
"ATP12A.479","clinical_data_year_of_tobacco_smoking_onset",0.234298757986318,1.46013653115251e-06,0.86596189052784,217.664045999987,"turquoise",0.000808556373321066,0.109553339733891
"C10orf107.219621","clinical_data_year_of_tobacco_smoking_onset",0.209088036875356,4.42289288079478e-06,0.89963104288622,257.041890060645,"turquoise",0.000808556373321066,0.109553339733891
"C10orf79.80217","clinical_data_year_of_tobacco_smoking_onset",0.250660230352619,7.09456629463742e-07,0.961850878629622,372.70523089908,"turquoise",0.000808556373321066,0.109553339733891
"C10orf81.79949","clinical_data_year_of_tobacco_smoking_onset",0.331351862814222,1.86822030165782e-08,0.930517728436586,325.486363169314,"turquoise",0.000808556373321066,0.109553339733891
"C10orf93.255352","clinical_data_year_of_tobacco_smoking_onset",0.257412351890822,5.26177829007988e-07,0.882164728156635,235.306077333484,"turquoise",0.000808556373321066,0.109553339733891
"C10orf95.79946","clinical_data_year_of_tobacco_smoking_onset",0.223702535415638,2.32723198951349e-06,0.920925948283576,260.666257286089,"turquoise",0.000808556373321066,0.109553339733891
"C11orf16.56673","clinical_data_year_of_tobacco_smoking_onset",0.237512287498631,1.26742794870772e-06,0.960967925920099,360.429718172502,"turquoise",0.000808556373321066,0.109553339733891
"C11orf70.85016","clinical_data_year_of_tobacco_smoking_onset",0.227673494466346,1.95438477188635e-06,0.941425897461289,306.819606099815,"turquoise",0.000808556373321066,0.109553339733891
"C11orf88.399949","clinical_data_year_of_tobacco_smoking_onset",0.328065149086058,2.17431499920644e-08,0.912233598912829,311.114344988755,"turquoise",0.000808556373321066,0.109553339733891
"C12orf63.374467","clinical_data_year_of_tobacco_smoking_onset",0.217003077778079,3.12393487559805e-06,0.940526328790118,306.186901540567,"turquoise",0.000808556373321066,0.109553339733891
"C12orf74.338809","clinical_data_year_of_tobacco_smoking_onset",0.256175785465788,5.55807822022205e-07,0.894773786257439,239.610650918844,"turquoise",0.000808556373321066,0.109553339733891
"C13orf26.122046","clinical_data_year_of_tobacco_smoking_onset",0.213918184103794,3.57733471926525e-06,0.80322428962207,162.727963867889,"turquoise",0.000808556373321066,0.109553339733891
"C13orf30.144809","clinical_data_year_of_tobacco_smoking_onset",0.259274652708538,4.84486027607346e-07,0.917182218820644,318.226150199762,"turquoise",0.000808556373321066,0.109553339733891
"C14orf174.161394","clinical_data_year_of_tobacco_smoking_onset",0.267130933960259,3.41790798161167e-07,0.881783358123693,230.114067399497,"turquoise",0.000808556373321066,0.109553339733891
"C14orf45.80127","clinical_data_year_of_tobacco_smoking_onset",0.379836491839599,1.89635701650896e-09,0.958624790224295,340.753257371911,"turquoise",0.000808556373321066,0.109553339733891
"C16orf71.146562","clinical_data_year_of_tobacco_smoking_onset",0.275792241984578,2.32346419326123e-07,0.976453845589372,391.375392325298,"turquoise",0.000808556373321066,0.109553339733891
"C16orf93.90835","clinical_data_year_of_tobacco_smoking_onset",0.246425513860979,8.5543547329251e-07,0.877116276661448,202.602029154037,"turquoise",0.000808556373321066,0.109553339733891
"C17orf97.400566","clinical_data_year_of_tobacco_smoking_onset",0.222295605365983,2.47569958711794e-06,0.864904541475333,225.028718361888,"turquoise",0.000808556373321066,0.109553339733891
"C18orf16.147429","clinical_data_year_of_tobacco_smoking_onset",0.358825560124962,5.17279745203322e-09,0.926675915805845,273.90360012617,"turquoise",0.000808556373321066,0.109553339733891
"C19orf51.352909","clinical_data_year_of_tobacco_smoking_onset",0.22089458677841,2.63293179140402e-06,0.96296167548311,364.448634986474,"turquoise",0.000808556373321066,0.109553339733891
"C1orf110.339512","clinical_data_year_of_tobacco_smoking_onset",0.277416455974642,2.16086984612551e-07,0.863124200613805,206.406498481847,"turquoise",0.000808556373321066,0.109553339733891
"C1orf114.57821","clinical_data_year_of_tobacco_smoking_onset",0.228244581561218,1.90590500462498e-06,0.92868878295023,288.457081131306,"turquoise",0.000808556373321066,0.109553339733891
"C1orf158.93190","clinical_data_year_of_tobacco_smoking_onset",0.269358781788201,3.0953166329072e-07,0.956293997935633,373.084891407497,"turquoise",0.000808556373321066,0.109553339733891
"C1orf173.127254","clinical_data_year_of_tobacco_smoking_onset",0.242833943867797,1.00237694448126e-06,0.963269156115815,379.972216249778,"turquoise",0.000808556373321066,0.109553339733891
"C1orf189.388701","clinical_data_year_of_tobacco_smoking_onset",0.222624526080435,2.4401650836111e-06,0.933881195937334,295.442600320143,"turquoise",0.000808556373321066,0.109553339733891
"C1orf192.257177","clinical_data_year_of_tobacco_smoking_onset",0.252184305419537,6.63214929722044e-07,0.954999429473716,372.189043052982,"turquoise",0.000808556373321066,0.109553339733891
"C1orf194.127003","clinical_data_year_of_tobacco_smoking_onset",0.284307799671374,1.58733320997101e-07,0.882738936547058,276.543610646499,"turquoise",0.000808556373321066,0.109553339733891
"C1orf230.284485","clinical_data_year_of_tobacco_smoking_onset",0.253408003923255,6.28263013581866e-07,0.920666311961878,286.066363244717,"turquoise",0.000808556373321066,0.109553339733891
"C1orf87.127795","clinical_data_year_of_tobacco_smoking_onset",0.221174318176327,2.60076175159525e-06,0.955165594706928,358.701864373869,"turquoise",0.000808556373321066,0.109553339733891
"C1orf88.128344","clinical_data_year_of_tobacco_smoking_onset",0.347736543970606,8.71715804405568e-09,0.962364243664529,358.017626628797,"turquoise",0.000808556373321066,0.109553339733891
"C1orf92.149499","clinical_data_year_of_tobacco_smoking_onset",0.316910706379397,3.62882918564135e-08,0.978526608936222,405.01210527724,"turquoise",0.000808556373321066,0.109553339733891
"C20orf114.92747","clinical_data_year_of_tobacco_smoking_onset",0.249445400983473,7.48597008164911e-07,0.835870547262444,222.847902111238,"turquoise",0.000808556373321066,0.109553339733891
"C20orf195.79025","clinical_data_year_of_tobacco_smoking_onset",0.235463938242403,1.38710683110494e-06,0.920767347014598,270.75292495746,"turquoise",0.000808556373321066,0.109553339733891
"C20orf26.26074","clinical_data_year_of_tobacco_smoking_onset",0.279373914954013,1.97981302550212e-07,0.965454432280112,372.30047939583,"turquoise",0.000808556373321066,0.109553339733891
"C20orf85.128602","clinical_data_year_of_tobacco_smoking_onset",0.277416455974642,2.16086984612551e-07,0.888929486254466,283.929972982281,"turquoise",0.000808556373321066,0.109553339733891
"C20orf96.140680","clinical_data_year_of_tobacco_smoking_onset",0.224915435790096,2.20638895306679e-06,0.93397712389677,273.80211363385,"turquoise",0.000808556373321066,0.109553339733891
"C21orf58.54058","clinical_data_year_of_tobacco_smoking_onset",0.295366101378769,9.65357637399437e-08,0.954004248055194,336.967154734335,"turquoise",0.000808556373321066,0.109553339733891
"C21orf59.56683","clinical_data_year_of_tobacco_smoking_onset",0.28929943501746,1.26864084930998e-07,0.937155285398998,267.652723593979,"turquoise",0.000808556373321066,0.109553339733891
"C22orf15.150248","clinical_data_year_of_tobacco_smoking_onset",0.316910706379397,3.62882918564135e-08,0.964805119386083,360.583537982466,"turquoise",0.000808556373321066,0.109553339733891
"C2orf39.92749","clinical_data_year_of_tobacco_smoking_onset",0.252489859875934,6.54310783584948e-07,0.963615029892567,384.638687615659,"turquoise",0.000808556373321066,0.109553339733891
"C2orf50.130813","clinical_data_year_of_tobacco_smoking_onset",0.319049579094853,3.29041401002479e-08,0.965772351376225,356.952937050986,"turquoise",0.000808556373321066,0.109553339733891
"C2orf62.375307","clinical_data_year_of_tobacco_smoking_onset",0.238982644176224,1.18790975842211e-06,0.956097038588545,341.234786281192,"turquoise",0.000808556373321066,0.109553339733891
"C2orf73.129852","clinical_data_year_of_tobacco_smoking_onset",0.251573936248442,6.81363399041309e-07,0.959996163034689,322.197790108481,"turquoise",0.000808556373321066,0.109553339733891
"C3orf15.89876","clinical_data_year_of_tobacco_smoking_onset",0.212611919026421,3.78861341333805e-06,0.954433445282853,333.581973921238,"turquoise",0.000808556373321066,0.109553339733891
"C3orf16.389161","clinical_data_year_of_tobacco_smoking_onset",0.283977081054285,1.61104463825394e-07,0.962779740830348,361.252860640699,"turquoise",0.000808556373321066,0.109553339733891
"C3orf67.200844","clinical_data_year_of_tobacco_smoking_onset",0.20058022068996,6.42746845590585e-06,0.946077744056548,295.094472494308,"turquoise",0.000808556373321066,0.109553339733891
"C4orf22.255119","clinical_data_year_of_tobacco_smoking_onset",0.202378076825449,5.93921546210337e-06,0.944663458364813,307.200433313508,"turquoise",0.000808556373321066,0.109553339733891
"C4orf47.441054","clinical_data_year_of_tobacco_smoking_onset",0.230538479876583,1.72295537250002e-06,0.927902863535709,283.252073407614,"turquoise",0.000808556373321066,0.109553339733891
"C5orf49.134121","clinical_data_year_of_tobacco_smoking_onset",0.295026860101012,9.80243232150683e-08,0.949118388181523,346.186194954192,"turquoise",0.000808556373321066,0.109553339733891
"C6orf103.79747","clinical_data_year_of_tobacco_smoking_onset",0.287295829298302,1.38815242260854e-07,0.966881579454145,352.183031489318,"turquoise",0.000808556373321066,0.109553339733891
"C6orf118.168090","clinical_data_year_of_tobacco_smoking_onset",0.298089398343607,8.53673902872614e-08,0.968031607218629,386.335508604737,"turquoise",0.000808556373321066,0.109553339733891
"C6orf165.154313","clinical_data_year_of_tobacco_smoking_onset",0.301516993156643,7.31076790023531e-08,0.958505121414849,375.35004954832,"turquoise",0.000808556373321066,0.109553339733891
"C6orf97.80129","clinical_data_year_of_tobacco_smoking_onset",0.308450806472922,5.3373054668319e-08,0.95066980422073,355.479795241768,"turquoise",0.000808556373321066,0.109553339733891
"C7orf57.136288","clinical_data_year_of_tobacco_smoking_onset",0.255867263878562,5.634548933205e-07,0.960893568440578,372.177470806376,"turquoise",0.000808556373321066,0.109553339733891
"C9orf116.138162","clinical_data_year_of_tobacco_smoking_onset",0.22710336077208,2.00400956818135e-06,0.956427496187463,360.248322451744,"turquoise",0.000808556373321066,0.109553339733891
"C9orf117.286207","clinical_data_year_of_tobacco_smoking_onset",0.316555159621564,3.68831364990543e-08,0.945074466840328,331.708993772974,"turquoise",0.000808556373321066,0.109553339733891
"C9orf135.138255","clinical_data_year_of_tobacco_smoking_onset",0.291312334600406,1.15881924733699e-07,0.943657051954529,344.217782929509,"turquoise",0.000808556373321066,0.109553339733891
"C9orf171.389799","clinical_data_year_of_tobacco_smoking_onset",0.279047034431462,2.00896853993943e-07,0.954486435706298,366.227550764395,"turquoise",0.000808556373321066,0.109553339733891
"C9orf24.84688","clinical_data_year_of_tobacco_smoking_onset",0.342091581302354,1.13482579174476e-08,0.894722066464728,284.216155199831,"turquoise",0.000808556373321066,0.109553339733891
"C9orf98.158067","clinical_data_year_of_tobacco_smoking_onset",0.2334273998634,1.51724079335663e-06,0.947565281929724,313.845606872281,"turquoise",0.000808556373321066,0.109553339733891
"C9orf9.11092","clinical_data_year_of_tobacco_smoking_onset",0.209357711868212,4.37080810411386e-06,0.964386810649599,344.8725580092,"turquoise",0.000808556373321066,0.109553339733891
"CACNG6.59285","clinical_data_year_of_tobacco_smoking_onset",0.212067226074602,3.88035678198067e-06,0.960529874682792,352.219624465876,"turquoise",0.000808556373321066,0.109553339733891
"CAPS2.84698","clinical_data_year_of_tobacco_smoking_onset",0.278720408985389,2.03852540681653e-07,0.872219796453234,221.452343128475,"turquoise",0.000808556373321066,0.109553339733891
"CAPSL.133690","clinical_data_year_of_tobacco_smoking_onset",0.294349157012221,1.01066194259031e-07,0.943062213711746,349.059995335192,"turquoise",0.000808556373321066,0.109553339733891
"CAPS.828","clinical_data_year_of_tobacco_smoking_onset",0.320122614898285,3.13254182983595e-08,0.91904523550857,303.160067121133,"turquoise",0.000808556373321066,0.109553339733891
"CASC1.55259","clinical_data_year_of_tobacco_smoking_onset",0.236925837671211,1.30060159578955e-06,0.973123779920929,373.426048680712,"turquoise",0.000808556373321066,0.109553339733891
"CC2D2A.57545","clinical_data_year_of_tobacco_smoking_onset",0.210709565510136,4.11881341170362e-06,0.838491053297424,195.758920160208,"turquoise",0.000808556373321066,0.109553339733891
"CCDC108.255101","clinical_data_year_of_tobacco_smoking_onset",0.213704101412535,3.6111362028138e-06,0.970656287081281,397.871691349235,"turquoise",0.000808556373321066,0.109553339733891
"CCDC114.93233","clinical_data_year_of_tobacco_smoking_onset",0.260521163332861,4.58427819624787e-07,0.946313424261108,335.631077484781,"turquoise",0.000808556373321066,0.109553339733891
"CCDC11.220136","clinical_data_year_of_tobacco_smoking_onset",0.298089398343607,8.53673902872614e-08,0.973706146426891,398.425287118284,"turquoise",0.000808556373321066,0.109553339733891
"CCDC135.84229","clinical_data_year_of_tobacco_smoking_onset",0.236047974202064,1.35188117750692e-06,0.966353673593421,374.353652194436,"turquoise",0.000808556373321066,0.109553339733891
"CCDC146.57639","clinical_data_year_of_tobacco_smoking_onset",0.223702535415638,2.32723198951349e-06,0.947177780629079,331.140255212087,"turquoise",0.000808556373321066,0.109553339733891
"CCDC147.159686","clinical_data_year_of_tobacco_smoking_onset",0.235172281869819,1.40503839737768e-06,0.981619010014273,399.132942048163,"turquoise",0.000808556373321066,0.109553339733891
"CCDC148.130940","clinical_data_year_of_tobacco_smoking_onset",0.254328371078564,6.03185448413611e-07,0.913625783881054,257.753513678832,"turquoise",0.000808556373321066,0.109553339733891
"CCDC151.115948","clinical_data_year_of_tobacco_smoking_onset",0.262398410317948,4.2178408839068e-07,0.963603113359274,357.680666684779,"turquoise",0.000808556373321066,0.109553339733891
"CCDC153.283152","clinical_data_year_of_tobacco_smoking_onset",0.298089398343607,8.53673902872614e-08,0.917205560326183,254.13650382468,"turquoise",0.000808556373321066,0.109553339733891
"CCDC157.550631","clinical_data_year_of_tobacco_smoking_onset",0.248234503097521,7.89744027100557e-07,0.926118256795945,258.779555343255,"turquoise",0.000808556373321066,0.109553339733891
"CCDC17.149483","clinical_data_year_of_tobacco_smoking_onset",0.294687878678683,9.95343705880282e-08,0.959025943173243,362.60673442535,"turquoise",0.000808556373321066,0.109553339733891
"CCDC19.25790","clinical_data_year_of_tobacco_smoking_onset",0.253714545830277,6.19797703406779e-07,0.951787386540219,345.431704579569,"turquoise",0.000808556373321066,0.109553339733891
"CCDC33.80125","clinical_data_year_of_tobacco_smoking_onset",0.261458663622719,4.397496040321e-07,0.979818053191429,388.367509265926,"turquoise",0.000808556373321066,0.109553339733891
"CCDC37.348807","clinical_data_year_of_tobacco_smoking_onset",0.249748739500306,7.38627406319517e-07,0.948289311022407,323.395056625866,"turquoise",0.000808556373321066,0.109553339733891
"CCDC39.339829","clinical_data_year_of_tobacco_smoking_onset",0.356897085795038,5.66631449360612e-09,0.965554412952658,359.715315244853,"turquoise",0.000808556373321066,0.109553339733891
"CCDC42B.387885","clinical_data_year_of_tobacco_smoking_onset",0.245224416805803,9.0202277146619e-07,0.928256585643625,306.428734607015,"turquoise",0.000808556373321066,0.109553339733891
"CCDC60.160777","clinical_data_year_of_tobacco_smoking_onset",0.238982644176224,1.18790975842211e-06,0.98023556024903,401.328248484225,"turquoise",0.000808556373321066,0.109553339733891
"CCDC65.85478","clinical_data_year_of_tobacco_smoking_onset",0.277091104417535,2.19251159427443e-07,0.963840678164219,381.261407303441,"turquoise",0.000808556373321066,0.109553339733891
"CCDC74B.91409","clinical_data_year_of_tobacco_smoking_onset",0.324077660790877,2.6124540926013e-08,0.946426343382606,340.122041019642,"turquoise",0.000808556373321066,0.109553339733891
"CCDC78.124093","clinical_data_year_of_tobacco_smoking_onset",0.326974427283254,2.28640900236511e-08,0.937249622745616,323.519326113584,"turquoise",0.000808556373321066,0.109553339733891
"CCDC96.257236","clinical_data_year_of_tobacco_smoking_onset",0.207474848703759,4.74768885602546e-06,0.906404999127286,245.302684210351,"turquoise",0.000808556373321066,0.109553339733891
"CCNO.10309","clinical_data_year_of_tobacco_smoking_onset",0.212611919026421,3.78861341333805e-06,0.933054738187892,296.004825923966,"turquoise",0.000808556373321066,0.109553339733891
"CD164L2.388611","clinical_data_year_of_tobacco_smoking_onset",0.250052323834401,7.2878175809797e-07,0.945866423973364,299.966802148508,"turquoise",0.000808556373321066,0.109553339733891
"CDHR4.389118","clinical_data_year_of_tobacco_smoking_onset",0.237805874965422,1.2511382634162e-06,0.945752434317727,349.498412650018,"turquoise",0.000808556373321066,0.109553339733891
"CETN2.1069","clinical_data_year_of_tobacco_smoking_onset",0.284683586646576,1.56080899045594e-07,0.944894782090234,300.608698934073,"turquoise",0.000808556373321066,0.109553339733891
"CHST9.83539","clinical_data_year_of_tobacco_smoking_onset",0.34359088486241,1.05817130099065e-08,0.963840549523129,372.210399365508,"turquoise",0.000808556373321066,0.109553339733891
"CLDN8.9073","clinical_data_year_of_tobacco_smoking_onset",0.342030833900413,1.13804397135306e-08,0.917858073405419,278.45289710179,"turquoise",0.000808556373321066,0.109553339733891
"CNGA4.1262","clinical_data_year_of_tobacco_smoking_onset",0.217279514786627,3.08622312201755e-06,0.9729711293659,376.931821416559,"turquoise",0.000808556373321066,0.109553339733891
"COL28A1.340267","clinical_data_year_of_tobacco_smoking_onset",0.236632975111459,1.31748999093187e-06,0.888990502334354,223.842327873658,"turquoise",0.000808556373321066,0.109553339733891
"CXorf22.170063","clinical_data_year_of_tobacco_smoking_onset",0.27103783131718,2.87229244561949e-07,0.902305031050477,263.521558160488,"turquoise",0.000808556373321066,0.109553339733891
"CXorf30.645090","clinical_data_year_of_tobacco_smoking_onset",0.367786050190598,3.38008783570293e-09,0.971142154545605,338.695095895129,"turquoise",0.000808556373321066,0.109553339733891
"CXorf41.139212","clinical_data_year_of_tobacco_smoking_onset",0.307866427743434,5.48102049639031e-08,0.958720646558885,358.522129419506,"turquoise",0.000808556373321066,0.109553339733891
"CXorf59.286464","clinical_data_year_of_tobacco_smoking_onset",0.236135210902788,1.34669655875493e-06,0.911468150979927,276.214853678044,"turquoise",0.000808556373321066,0.109553339733891
"CYP2A13.1553","clinical_data_year_of_tobacco_smoking_onset",0.24873376740227,7.72513386170495e-07,0.833429526555325,176.622990426752,"turquoise",0.000808556373321066,0.109553339733891
"CYP2F1.1572","clinical_data_year_of_tobacco_smoking_onset",0.206671375571256,4.91825549208932e-06,0.892741416753919,249.975976196297,"turquoise",0.000808556373321066,0.109553339733891
"CYP4X1.260293","clinical_data_year_of_tobacco_smoking_onset",0.253714545830277,6.19797703406779e-07,0.839999683331377,191.081217120228,"turquoise",0.000808556373321066,0.109553339733891
"DCDC1.341019","clinical_data_year_of_tobacco_smoking_onset",0.272985506037068,2.63345755426058e-07,0.814249163707321,165.340724087328,"turquoise",0.000808556373321066,0.109553339733891
"DCDC2B.149069","clinical_data_year_of_tobacco_smoking_onset",0.238746515948877,1.2003367949301e-06,0.972674478579159,396.948353196515,"turquoise",0.000808556373321066,0.109553339733891
"DEGS2.123099","clinical_data_year_of_tobacco_smoking_onset",0.20507065777204,5.27656504344387e-06,0.901848360361907,249.22276510772,"turquoise",0.000808556373321066,0.109553339733891
"DLEC1.9940","clinical_data_year_of_tobacco_smoking_onset",0.236340353988264,1.33458242702056e-06,0.888442269809677,237.78926931597,"turquoise",0.000808556373321066,0.109553339733891
"DNAH10.196385","clinical_data_year_of_tobacco_smoking_onset",0.380499189800458,1.83666549801073e-09,0.962167121876359,351.044925608282,"turquoise",0.000808556373321066,0.109553339733891
"DNAH12.201625","clinical_data_year_of_tobacco_smoking_onset",0.35039197524336,7.69660241876737e-09,0.969141850918207,377.614955240478,"turquoise",0.000808556373321066,0.109553339733891
"DNAH3.55567","clinical_data_year_of_tobacco_smoking_onset",0.301861190604209,7.19770572211984e-08,0.964547010011381,368.401371161906,"turquoise",0.000808556373321066,0.109553339733891
"DNAH6.1768","clinical_data_year_of_tobacco_smoking_onset",0.294349157012221,1.01066194259031e-07,0.952613055430249,317.887153152002,"turquoise",0.000808556373321066,0.109553339733891
"DNAH7.56171","clinical_data_year_of_tobacco_smoking_onset",0.280356087976145,1.89470421626875e-07,0.972791248370029,380.760853842418,"turquoise",0.000808556373321066,0.109553339733891
"DNAH9.1770","clinical_data_year_of_tobacco_smoking_onset",0.214800017751893,3.44140331167383e-06,0.956531081057434,370.897117660372,"turquoise",0.000808556373321066,0.109553339733891
"DNAI1.27019","clinical_data_year_of_tobacco_smoking_onset",0.304624205027565,6.35045544038914e-08,0.958825771173292,376.870109923913,"turquoise",0.000808556373321066,0.109553339733891
"DNAI2.64446","clinical_data_year_of_tobacco_smoking_onset",0.348115067025903,8.56394870607311e-09,0.962974164649067,375.849187118525,"turquoise",0.000808556373321066,0.109553339733891
"DNAJA4.55466","clinical_data_year_of_tobacco_smoking_onset",0.201894060768306,6.06688416724466e-06,0.929045460321772,291.721138344814,"turquoise",0.000808556373321066,0.109553339733891
"DNAJB13.374407","clinical_data_year_of_tobacco_smoking_onset",0.268084215539071,3.27598763186475e-07,0.963603432252664,358.724269445467,"turquoise",0.000808556373321066,0.109553339733891
"DNALI1.7802","clinical_data_year_of_tobacco_smoking_onset",0.284307799671374,1.58733320997101e-07,0.856013382086567,190.335410948634,"turquoise",0.000808556373321066,0.109553339733891
"DTHD1.401124","clinical_data_year_of_tobacco_smoking_onset",0.249445400983473,7.48597008164911e-07,0.936071168219784,324.598422293358,"turquoise",0.000808556373321066,0.109553339733891
"DYDC1.143241","clinical_data_year_of_tobacco_smoking_onset",0.309264230053092,5.14342688834346e-08,0.925488350798016,257.354271815698,"turquoise",0.000808556373321066,0.109553339733891
"DYDC2.84332","clinical_data_year_of_tobacco_smoking_onset",0.27806792292443,2.09886376619869e-07,0.946654731788079,343.561247007949,"turquoise",0.000808556373321066,0.109553339733891
"DYNLRB2.83657","clinical_data_year_of_tobacco_smoking_onset",0.310200712334354,4.92880230438496e-08,0.936629148317229,324.188769308984,"turquoise",0.000808556373321066,0.109553339733891
"DYX1C1.161582","clinical_data_year_of_tobacco_smoking_onset",0.356512221968615,5.77019519266529e-09,0.870812330497685,197.250114958412,"turquoise",0.000808556373321066,0.109553339733891
"ECT2L.345930","clinical_data_year_of_tobacco_smoking_onset",0.280028441626793,1.92268584303615e-07,0.963142957885752,363.941364725436,"turquoise",0.000808556373321066,0.109553339733891
"EFCAB10.100130771","clinical_data_year_of_tobacco_smoking_onset",0.234298757986318,1.46013653115251e-06,0.966445890510249,372.428273503838,"turquoise",0.000808556373321066,0.109553339733891
"EFCAB1.79645","clinical_data_year_of_tobacco_smoking_onset",0.287962666547309,1.34719096352444e-07,0.935878882860219,340.642707022376,"turquoise",0.000808556373321066,0.109553339733891
"EFCAB6.64800","clinical_data_year_of_tobacco_smoking_onset",0.23140263821204,1.65866703790771e-06,0.934226922794063,283.242551847604,"turquoise",0.000808556373321066,0.109553339733891
"EFHB.151651","clinical_data_year_of_tobacco_smoking_onset",0.219778019797887,2.765345913737e-06,0.935155763234619,303.23112908227,"turquoise",0.000808556373321066,0.109553339733891
"EFHC1.114327","clinical_data_year_of_tobacco_smoking_onset",0.271920020960805,2.76156727167343e-07,0.933387398471381,283.902096304341,"turquoise",0.000808556373321066,0.109553339733891
"EFHC2.80258","clinical_data_year_of_tobacco_smoking_onset",0.292659441533253,1.0906230306084e-07,0.939104820153464,317.273598878351,"turquoise",0.000808556373321066,0.109553339733891
"ENKUR.219670","clinical_data_year_of_tobacco_smoking_onset",0.292659441533253,1.0906230306084e-07,0.971384048262799,401.988927270493,"turquoise",0.000808556373321066,0.109553339733891
"EYA1.2138","clinical_data_year_of_tobacco_smoking_onset",0.265231155717464,3.71915107360471e-07,0.911248357826335,257.574401648293,"turquoise",0.000808556373321066,0.109553339733891
"FABP6.2172","clinical_data_year_of_tobacco_smoking_onset",0.231979941825327,1.61705608727924e-06,0.916819788429917,304.941860690904,"turquoise",0.000808556373321066,0.109553339733891
"FAM154B.283726","clinical_data_year_of_tobacco_smoking_onset",0.236632975111459,1.31748999093187e-06,0.953545239553737,361.122044032923,"turquoise",0.000808556373321066,0.109553339733891
"FAM166B.730112","clinical_data_year_of_tobacco_smoking_onset",0.386964171688167,1.34287774753225e-09,0.92458126107561,321.806816460686,"turquoise",0.000808556373321066,0.109553339733891
"FAM179A.165186","clinical_data_year_of_tobacco_smoking_onset",0.303931877554061,6.55302721174321e-08,0.936043361210553,298.514290423845,"turquoise",0.000808556373321066,0.109553339733891
"FAM183A.440585","clinical_data_year_of_tobacco_smoking_onset",0.252795661045644,6.4551827765224e-07,0.900398379122098,293.68960309904,"turquoise",0.000808556373321066,0.109553339733891
"FAM81B.153643","clinical_data_year_of_tobacco_smoking_onset",0.343966393992989,1.03978355394768e-08,0.956876220772922,366.031810380531,"turquoise",0.000808556373321066,0.109553339733891
"FAM92B.339145","clinical_data_year_of_tobacco_smoking_onset",0.303586107533129,6.65657066729904e-08,0.962432883587333,377.544772868069,"turquoise",0.000808556373321066,0.109553339733891
"FANK1.92565","clinical_data_year_of_tobacco_smoking_onset",0.346225195663439,9.35616761685459e-09,0.964381725380115,333.477165138473,"turquoise",0.000808556373321066,0.109553339733891
"FBXO15.201456","clinical_data_year_of_tobacco_smoking_onset",0.27774206211042,2.12965569400078e-07,0.971295759800844,367.399215037865,"turquoise",0.000808556373321066,0.109553339733891
"FBXW10.10517","clinical_data_year_of_tobacco_smoking_onset",0.233772791788757,1.49434432566498e-06,0.876758342100943,209.397744039267,"turquoise",0.000808556373321066,0.109553339733891
"FMO6P.388714","clinical_data_year_of_tobacco_smoking_onset",0.226818651201269,2.02925910757707e-06,0.825574589162252,185.417364036497,"turquoise",0.000808556373321066,0.109553339733891
"FOXJ1.2302","clinical_data_year_of_tobacco_smoking_onset",0.250660230352619,7.09456629463742e-07,0.930889048434103,319.632656783911,"turquoise",0.000808556373321066,0.109553339733891
"FRMPD2.143162","clinical_data_year_of_tobacco_smoking_onset",0.281773326151451,1.77823570392185e-07,0.929838357929963,278.942828455542,"turquoise",0.000808556373321066,0.109553339733891
"FUZ.80199","clinical_data_year_of_tobacco_smoking_onset",0.358439310900731,5.26814074380015e-09,0.818048860588552,164.17994225798,"turquoise",0.000808556373321066,0.109553339733891
"GAS2L2.246176","clinical_data_year_of_tobacco_smoking_onset",0.222576518060701,2.44531967403608e-06,0.960715229759222,357.219589327172,"turquoise",0.000808556373321066,0.109553339733891
"GBP6.163351","clinical_data_year_of_tobacco_smoking_onset",0.201367838459778,6.20880705008877e-06,0.861342271401508,201.537121038647,"turquoise",0.000808556373321066,0.109553339733891
"GJB7.375519","clinical_data_year_of_tobacco_smoking_onset",0.248024021021347,7.97122099859919e-07,0.800029416600033,191.884375683813,"turquoise",0.000808556373321066,0.109553339733891
"GSTA1.2938","clinical_data_year_of_tobacco_smoking_onset",0.309850203088048,5.00807873850765e-08,0.911650038116624,284.220362203796,"turquoise",0.000808556373321066,0.109553339733891
"GSTA2.2939","clinical_data_year_of_tobacco_smoking_onset",0.393501972036085,9.76307415483291e-10,0.878002692155011,232.297390207457,"turquoise",0.000808556373321066,0.109553339733891
"HIST3H2BB.128312","clinical_data_year_of_tobacco_smoking_onset",0.433125694828065,1.34467342106548e-10,0.894286335706342,238.174258502361,"turquoise",0.000808556373321066,0.109553339733891
"HS3ST6.64711","clinical_data_year_of_tobacco_smoking_onset",0.208549381828681,4.52879417591747e-06,0.917160013819446,265.835040992672,"turquoise",0.000808556373321066,0.109553339733891
"HYDIN.54768","clinical_data_year_of_tobacco_smoking_onset",0.253408003923255,6.28263013581866e-07,0.963133810467015,371.167025888474,"turquoise",0.000808556373321066,0.109553339733891
"IFLTD1.160492","clinical_data_year_of_tobacco_smoking_onset",0.243441164453883,9.75879896406132e-07,0.963679124174019,336.814723510683,"turquoise",0.000808556373321066,0.109553339733891
"IQCD.115811","clinical_data_year_of_tobacco_smoking_onset",0.287962666547309,1.34719096352444e-07,0.969357158314726,348.062243909166,"turquoise",0.000808556373321066,0.109553339733891
"IQCG.84223","clinical_data_year_of_tobacco_smoking_onset",0.292996865913806,1.07417145627927e-07,0.974943401277803,363.299397011894,"turquoise",0.000808556373321066,0.109553339733891
"IQUB.154865","clinical_data_year_of_tobacco_smoking_onset",0.288630534854865,1.30736352361944e-07,0.937944868880201,300.515339188715,"turquoise",0.000808556373321066,0.109553339733891
"KCNE1.3753","clinical_data_year_of_tobacco_smoking_onset",0.215074581013638,3.40014335050131e-06,0.925945334067582,283.731822558522,"turquoise",0.000808556373321066,0.109553339733891
"KCNRG.283518","clinical_data_year_of_tobacco_smoking_onset",0.23313742797127,1.53673291124334e-06,0.966022797813646,374.922155716236,"turquoise",0.000808556373321066,0.109553339733891
"KIAA1407.57577","clinical_data_year_of_tobacco_smoking_onset",0.368572197520522,3.25567670034059e-09,0.81635698409487,161.112917153395,"turquoise",0.000808556373321066,0.109553339733891
"KIAA1529.57653","clinical_data_year_of_tobacco_smoking_onset",0.346980321233341,9.03134650608794e-09,0.894402261231241,234.631294519906,"turquoise",0.000808556373321066,0.109553339733891
"KIAA1751.85452","clinical_data_year_of_tobacco_smoking_onset",0.254328371078564,6.03185448413611e-07,0.953174423211388,333.220971893168,"turquoise",0.000808556373321066,0.109553339733891
"LCA5L.150082","clinical_data_year_of_tobacco_smoking_onset",0.204273407729009,5.46465747097486e-06,0.889495677025764,222.118682067483,"turquoise",0.000808556373321066,0.109553339733891
"LDLRAD1.388633","clinical_data_year_of_tobacco_smoking_onset",0.289634272293302,1.24968484848947e-07,0.943195683726679,335.824976772193,"turquoise",0.000808556373321066,0.109553339733891
"LOC100287718.100287718","clinical_data_year_of_tobacco_smoking_onset",0.275569967122165,2.34663700070709e-07,0.943921587755144,348.230397787017,"turquoise",0.000808556373321066,0.109553339733891
"LOC400891.400891","clinical_data_year_of_tobacco_smoking_onset",0.251946178779787,6.70237480261157e-07,0.834264640497703,175.515733304441,"turquoise",0.000808556373321066,0.109553339733891
"LOC541473.541473","clinical_data_year_of_tobacco_smoking_onset",0.209627618640162,4.31929285420844e-06,0.892469969385866,235.322426042148,"turquoise",0.000808556373321066,0.109553339733891
"LOC642587.642587","clinical_data_year_of_tobacco_smoking_onset",0.259993460597321,4.69285279072552e-07,0.821395022197085,187.685821423393,"turquoise",0.000808556373321066,0.109553339733891
"LOC646851.646851","clinical_data_year_of_tobacco_smoking_onset",0.239661021041392,1.15291543907169e-06,0.87418612123008,215.438617023562,"turquoise",0.000808556373321066,0.109553339733891
"LPAR3.23566","clinical_data_year_of_tobacco_smoking_onset",0.273206706628147,2.60760811837748e-07,0.857227586710882,217.167242612611,"turquoise",0.000808556373321066,0.109553339733891
"LRGUK.136332","clinical_data_year_of_tobacco_smoking_onset",0.255250964030022,5.79044544127579e-07,0.95613294792266,326.487454938028,"turquoise",0.000808556373321066,0.109553339733891
"LRRC10B.390205","clinical_data_year_of_tobacco_smoking_onset",0.28068398980022,1.86710402322276e-07,0.953323183265331,361.21905189829,"turquoise",0.000808556373321066,0.109553339733891
"LRRC23.10233","clinical_data_year_of_tobacco_smoking_onset",0.295366101378769,9.65357637399437e-08,0.956997519253415,317.16187754697,"turquoise",0.000808556373321066,0.109553339733891
"LRRC26.389816","clinical_data_year_of_tobacco_smoking_onset",0.230911600090648,1.69489841039725e-06,0.814271704908687,179.644267892862,"turquoise",0.000808556373321066,0.109553339733891
"LRRC34.151827","clinical_data_year_of_tobacco_smoking_onset",0.255867263878562,5.634548933205e-07,0.940604971039815,307.222988690859,"turquoise",0.000808556373321066,0.109553339733891
"LRRC43.254050","clinical_data_year_of_tobacco_smoking_onset",0.259274652708538,4.84486027607346e-07,0.96682547825402,371.664353373557,"turquoise",0.000808556373321066,0.109553339733891
"LRRC46.90506","clinical_data_year_of_tobacco_smoking_onset",0.244326159763198,9.38503840747555e-07,0.945692118208831,357.363803966767,"turquoise",0.000808556373321066,0.109553339733891
"LRRC48.83450","clinical_data_year_of_tobacco_smoking_onset",0.281012147198581,1.83988042846385e-07,0.96780555967845,379.351355999972,"turquoise",0.000808556373321066,0.109553339733891
"LRRC50.123872","clinical_data_year_of_tobacco_smoking_onset",0.346225195663439,9.35616761685459e-09,0.9347477362702,305.639859859146,"turquoise",0.000808556373321066,0.109553339733891
"LRRC56.115399","clinical_data_year_of_tobacco_smoking_onset",0.212884614913298,3.74350059103957e-06,0.849845506418842,181.504932493039,"turquoise",0.000808556373321066,0.109553339733891
"LRRC67.286187","clinical_data_year_of_tobacco_smoking_onset",0.446897158347848,6.6015020318508e-11,0.952932305719261,313.177352909587,"turquoise",0.000808556373321066,0.109553339733891
"LRRC6.23639","clinical_data_year_of_tobacco_smoking_onset",0.226249946114487,2.08064824713947e-06,0.950828118680197,312.563819022091,"turquoise",0.000808556373321066,0.109553339733891
"LRRIQ1.84125","clinical_data_year_of_tobacco_smoking_onset",0.309499957978314,5.08855038134007e-08,0.950842058718978,323.898975634335,"turquoise",0.000808556373321066,0.109553339733891
"MAPRE3.22924","clinical_data_year_of_tobacco_smoking_onset",0.318810213848424,3.3266856167084e-08,0.820795480934371,162.612332753849,"turquoise",0.000808556373321066,0.109553339733891
"MARCH10.162333","clinical_data_year_of_tobacco_smoking_onset",0.235463938242403,1.38710683110494e-06,0.969725001898538,382.729605873433,"turquoise",0.000808556373321066,0.109553339733891
"MDH1B.130752","clinical_data_year_of_tobacco_smoking_onset",0.245224416805803,9.0202277146619e-07,0.967047396534614,380.2712257365,"turquoise",0.000808556373321066,0.109553339733891
"MEIG1.644890","clinical_data_year_of_tobacco_smoking_onset",0.383056565127675,1.62308484642591e-09,0.918616396160143,264.383206282706,"turquoise",0.000808556373321066,0.109553339733891
"MNS1.55329","clinical_data_year_of_tobacco_smoking_onset",0.287295829298302,1.38815242260854e-07,0.965799872191476,355.179813898418,"turquoise",0.000808556373321066,0.109553339733891
"MORN2.729967","clinical_data_year_of_tobacco_smoking_onset",0.289969367831588,1.23099438393395e-07,0.908109493163492,243.065521034627,"turquoise",0.000808556373321066,0.109553339733891
"MORN3.283385","clinical_data_year_of_tobacco_smoking_onset",0.292659441533253,1.0906230306084e-07,0.958345850438545,320.873836168391,"turquoise",0.000808556373321066,0.109553339733891
"MORN5.254956","clinical_data_year_of_tobacco_smoking_onset",0.333187264098287,1.71616278707054e-08,0.936704299107973,331.395893997685,"turquoise",0.000808556373321066,0.109553339733891
"MS4A8B.83661","clinical_data_year_of_tobacco_smoking_onset",0.267766203454162,3.322670712125e-07,0.919310431467145,320.596545074796,"turquoise",0.000808556373321066,0.109553339733891
"MYCBPAP.84073","clinical_data_year_of_tobacco_smoking_onset",0.213157543873568,3.69888682640846e-06,0.968803675520039,339.711969706636,"turquoise",0.000808556373321066,0.109553339733891
"NEK10.152110","clinical_data_year_of_tobacco_smoking_onset",0.313720354212335,4.1982331072971e-08,0.959816300017276,366.15648632087,"turquoise",0.000808556373321066,0.109553339733891
"NEK5.341676","clinical_data_year_of_tobacco_smoking_onset",0.256793572463955,5.40803427778482e-07,0.90608235109984,266.533698574564,"turquoise",0.000808556373321066,0.109553339733891
"NHLRC4.283948","clinical_data_year_of_tobacco_smoking_onset",0.223503245897338,2.3477094961759e-06,0.89981813089658,247.211130582422,"turquoise",0.000808556373321066,0.109553339733891
"NME5.8382","clinical_data_year_of_tobacco_smoking_onset",0.332024435166221,1.8110210216011e-08,0.930748484904101,281.592608888164,"turquoise",0.000808556373321066,0.109553339733891
"NSUN7.79730","clinical_data_year_of_tobacco_smoking_onset",0.383722603924522,1.57157755641827e-09,0.826295033154261,168.847662431312,"turquoise",0.000808556373321066,0.109553339733891
"NUP62CL.54830","clinical_data_year_of_tobacco_smoking_onset",0.264915404374777,3.7717075874997e-07,0.842435262777626,186.094327813495,"turquoise",0.000808556373321066,0.109553339733891
"NWD1.284434","clinical_data_year_of_tobacco_smoking_onset",0.284970007013498,1.54088717770089e-07,0.955212532763168,337.684721856189,"turquoise",0.000808556373321066,0.109553339733891
"OSBPL6.114880","clinical_data_year_of_tobacco_smoking_onset",0.300485970898273,7.66002710532824e-08,0.828185518446388,206.872443368422,"turquoise",0.000808556373321066,0.109553339733891
"OSCP1.127700","clinical_data_year_of_tobacco_smoking_onset",0.336137982949437,1.49683455110141e-08,0.893673033144309,225.584207514448,"turquoise",0.000808556373321066,0.109553339733891
"PACRG.135138","clinical_data_year_of_tobacco_smoking_onset",0.252795661045644,6.4551827765224e-07,0.966659037885601,361.603843379436,"turquoise",0.000808556373321066,0.109553339733891
"PAX9.5083","clinical_data_year_of_tobacco_smoking_onset",0.250052323834401,7.2878175809797e-07,0.889055006512668,242.101759961711,"turquoise",0.000808556373321066,0.109553339733891
"PIH1D2.120379","clinical_data_year_of_tobacco_smoking_onset",0.261771662787783,4.33683175233313e-07,0.953167496301389,336.861128655913,"turquoise",0.000808556373321066,0.109553339733891
"PLEKHG7.440107","clinical_data_year_of_tobacco_smoking_onset",0.297748074638213,8.66940138625524e-08,0.922071824029042,273.697776771688,"turquoise",0.000808556373321066,0.109553339733891
"PPIL6.285755","clinical_data_year_of_tobacco_smoking_onset",0.343966393992989,1.03978355394768e-08,0.938379265555258,302.173131029169,"turquoise",0.000808556373321066,0.109553339733891
"PROM1.8842","clinical_data_year_of_tobacco_smoking_onset",0.293334549552417,1.05795260812563e-07,0.928363985934049,307.653866042421,"turquoise",0.000808556373321066,0.109553339733891
"PRR15.222171","clinical_data_year_of_tobacco_smoking_onset",0.203213625630984,5.72512310917467e-06,0.833167451521363,182.368631350839,"turquoise",0.000808556373321066,0.109553339733891
"RABL2A.11159","clinical_data_year_of_tobacco_smoking_onset",0.428601142477412,1.69421223839901e-10,0.909128784344972,239.099184257931,"turquoise",0.000808556373321066,0.109553339733891
"RGS22.26166","clinical_data_year_of_tobacco_smoking_onset",0.277416455974642,2.16086984612551e-07,0.960705888855312,354.526845899803,"turquoise",0.000808556373321066,0.109553339733891
"RIBC1.158787","clinical_data_year_of_tobacco_smoking_onset",0.418246131869258,2.86136377079143e-10,0.962568143884564,343.851221490418,"turquoise",0.000808556373321066,0.109553339733891
"RIBC2.26150","clinical_data_year_of_tobacco_smoking_onset",0.227388308493918,1.97905249792352e-06,0.963168019280017,359.989270737913,"turquoise",0.000808556373321066,0.109553339733891
"ROPN1B.152015","clinical_data_year_of_tobacco_smoking_onset",0.254635654618952,5.95036032394781e-07,0.824298216781471,177.380130176791,"turquoise",0.000808556373321066,0.109553339733891
"ROPN1L.83853","clinical_data_year_of_tobacco_smoking_onset",0.246124872762961,8.66867199220478e-07,0.943936971012861,349.254979978403,"turquoise",0.000808556373321066,0.109553339733891
"RP1.6101","clinical_data_year_of_tobacco_smoking_onset",0.23371761209691,1.49797902916365e-06,0.920964217171661,282.662190184365,"turquoise",0.000808556373321066,0.109553339733891
"RSPH10B2.728194","clinical_data_year_of_tobacco_smoking_onset",0.231114345921853,1.67984417243689e-06,0.964952225549719,372.120594625366,"turquoise",0.000808556373321066,0.109553339733891
"RSPH1.89765","clinical_data_year_of_tobacco_smoking_onset",0.270637381471468,2.92399331433757e-07,0.945940833164052,351.72092129242,"turquoise",0.000808556373321066,0.109553339733891
"RSPH4A.345895","clinical_data_year_of_tobacco_smoking_onset",0.253408003923255,6.28263013581866e-07,0.95193572020041,365.265064656817,"turquoise",0.000808556373321066,0.109553339733891
"RSPH9.221421","clinical_data_year_of_tobacco_smoking_onset",0.222576518060701,2.44531967403608e-06,0.945971619173454,349.95777304847,"turquoise",0.000808556373321066,0.109553339733891
"RTDR1.27156","clinical_data_year_of_tobacco_smoking_onset",0.242238762897999,1.02904254038643e-06,0.9745185276295,369.976591269447,"turquoise",0.000808556373321066,0.109553339733891
"SIX1.6495","clinical_data_year_of_tobacco_smoking_onset",0.20058022068996,6.42746845590585e-06,0.88792523029658,251.402489833522,"turquoise",0.000808556373321066,0.109553339733891
"SLC23A1.9963","clinical_data_year_of_tobacco_smoking_onset",0.228530482882784,1.8820868645936e-06,0.922891212529021,270.237842563458,"turquoise",0.000808556373321066,0.109553339733891
"SNTN.132203","clinical_data_year_of_tobacco_smoking_onset",0.284307799671374,1.58733320997101e-07,0.914403564893372,310.325245667967,"turquoise",0.000808556373321066,0.109553339733891
"SOX2.6657","clinical_data_year_of_tobacco_smoking_onset",0.243430098946985,9.76356471616874e-07,0.926128684013976,300.610934455302,"turquoise",0.000808556373321066,0.109553339733891
"SPAG16.79582","clinical_data_year_of_tobacco_smoking_onset",0.336508043080946,1.4713514437172e-08,0.817616863271304,165.235292243964,"turquoise",0.000808556373321066,0.109553339733891
"SPAG17.200162","clinical_data_year_of_tobacco_smoking_onset",0.325161934594856,2.48538042543475e-08,0.929737740228955,307.24109229517,"turquoise",0.000808556373321066,0.109553339733891
"SPAG6.9576","clinical_data_year_of_tobacco_smoking_onset",0.332819643023587,1.7456109438588e-08,0.934521123841232,344.27118714344,"turquoise",0.000808556373321066,0.109553339733891
"SPAG8.26206","clinical_data_year_of_tobacco_smoking_onset",0.31726651926503,3.57024626534782e-08,0.964149475928912,341.40353573117,"turquoise",0.000808556373321066,0.109553339733891
"SPATA17.128153","clinical_data_year_of_tobacco_smoking_onset",0.284638774957925,1.56394878847995e-07,0.967424016800532,370.90957951146,"turquoise",0.000808556373321066,0.109553339733891
"SPATA4.132851","clinical_data_year_of_tobacco_smoking_onset",0.280028441626793,1.92268584303615e-07,0.968728149975058,367.38563747903,"turquoise",0.000808556373321066,0.109553339733891
"SPATS1.221409","clinical_data_year_of_tobacco_smoking_onset",0.28702502884171,1.40513590651393e-07,0.971155135021323,347.283717879165,"turquoise",0.000808556373321066,0.109553339733891
"SPEF1.25876","clinical_data_year_of_tobacco_smoking_onset",0.269039762340372,3.13958999196728e-07,0.959548385774808,363.084452981904,"turquoise",0.000808556373321066,0.109553339733891
"SPEF2.79925","clinical_data_year_of_tobacco_smoking_onset",0.290976205016728,1.17648178405732e-07,0.840797852752623,190.723456752857,"turquoise",0.000808556373321066,0.109553339733891
"SPINLW1.57119","clinical_data_year_of_tobacco_smoking_onset",0.367786050190598,3.38008783570293e-09,0.920968060610057,257.256068416312,"turquoise",0.000808556373321066,0.109553339733891
"SRD5A2.6716","clinical_data_year_of_tobacco_smoking_onset",0.257722114013922,5.19004297663976e-07,0.929122014691726,293.366403973267,"turquoise",0.000808556373321066,0.109553339733891
"STK33.65975","clinical_data_year_of_tobacco_smoking_onset",0.302205649898433,7.08628460163504e-08,0.950926981964649,304.861224593201,"turquoise",0.000808556373321066,0.109553339733891
"STOML3.161003","clinical_data_year_of_tobacco_smoking_onset",0.262712158882172,4.15949568743601e-07,0.934120674030091,334.309704867835,"turquoise",0.000808556373321066,0.109553339733891
"TCTEX1D2.255758","clinical_data_year_of_tobacco_smoking_onset",0.227958918788926,1.93000329556957e-06,0.895354586634376,238.467225781878,"turquoise",0.000808556373321066,0.109553339733891
"TEKT1.83659","clinical_data_year_of_tobacco_smoking_onset",0.328793642859688,2.10247701559928e-08,0.933675682832637,339.375509913119,"turquoise",0.000808556373321066,0.109553339733891
"TEKT2.27285","clinical_data_year_of_tobacco_smoking_onset",0.337619852898438,1.39732766341757e-08,0.956701263251954,368.453087264021,"turquoise",0.000808556373321066,0.109553339733891
"TEKT3.64518","clinical_data_year_of_tobacco_smoking_onset",0.317978943817944,3.4557341807291e-08,0.960643810034289,328.696901979605,"turquoise",0.000808556373321066,0.109553339733891
"TEKT4.150483","clinical_data_year_of_tobacco_smoking_onset",0.263969654123109,3.93357070679405e-07,0.96833180058355,359.114596594667,"turquoise",0.000808556373321066,0.109553339733891
"TEX9.374618","clinical_data_year_of_tobacco_smoking_onset",0.265547157855485,3.66727945040925e-07,0.876110467353818,230.662374971747,"turquoise",0.000808556373321066,0.109553339733891
"TMEM146.257062","clinical_data_year_of_tobacco_smoking_onset",0.261219357354981,4.44444428265106e-07,0.904757467844419,254.871934790378,"turquoise",0.000808556373321066,0.109553339733891
"TMEM151B.441151","clinical_data_year_of_tobacco_smoking_onset",0.279373914954013,1.97981302550212e-07,0.845176708854635,184.939825248972,"turquoise",0.000808556373321066,0.109553339733891
"TMEM212.389177","clinical_data_year_of_tobacco_smoking_onset",0.23351366807346,1.51148944312405e-06,0.965286500654002,372.725895509062,"turquoise",0.000808556373321066,0.109553339733891
"TMEM231.79583","clinical_data_year_of_tobacco_smoking_onset",0.212611919026421,3.78861341333805e-06,0.928809488044565,308.231027380525,"turquoise",0.000808556373321066,0.109553339733891
"TMEM232.642987","clinical_data_year_of_tobacco_smoking_onset",0.326611391312778,2.32496469334581e-08,0.957815759745022,353.375140122975,"turquoise",0.000808556373321066,0.109553339733891
"TMEM67.91147","clinical_data_year_of_tobacco_smoking_onset",0.241051320100604,1.08436841446285e-06,0.875637149453835,229.880004424031,"turquoise",0.000808556373321066,0.109553339733891
"TP73.7161","clinical_data_year_of_tobacco_smoking_onset",0.220056807950469,2.73167440883726e-06,0.933301783296113,314.550695724688,"turquoise",0.000808556373321066,0.109553339733891
"TSGA10.80705","clinical_data_year_of_tobacco_smoking_onset",0.388999392835779,1.21629285613437e-09,0.919226350686522,271.365839107078,"turquoise",0.000808556373321066,0.109553339733891
"TSNAXIP1.55815","clinical_data_year_of_tobacco_smoking_onset",0.225965950399393,2.10679425163778e-06,0.962572976141532,345.155515547179,"turquoise",0.000808556373321066,0.109553339733891
"TSPAN19.144448","clinical_data_year_of_tobacco_smoking_onset",0.359731788456705,4.95569545849207e-09,0.923367304424127,303.454590138854,"turquoise",0.000808556373321066,0.109553339733891
"TTC16.158248","clinical_data_year_of_tobacco_smoking_onset",0.245824476287467,8.78441230545519e-07,0.976542677140658,368.80118257588,"turquoise",0.000808556373321066,0.109553339733891
"TTC18.118491","clinical_data_year_of_tobacco_smoking_onset",0.387370646625224,1.31660673259963e-09,0.894777422552565,245.836621749305,"turquoise",0.000808556373321066,0.109553339733891
"TTC21A.199223","clinical_data_year_of_tobacco_smoking_onset",0.220056807950469,2.73167440883726e-06,0.86112721837765,199.34696498361,"turquoise",0.000808556373321066,0.109553339733891
"TTC23L.153657","clinical_data_year_of_tobacco_smoking_onset",0.393091218445,9.9612318870787e-10,0.863467967453125,212.95982141178,"turquoise",0.000808556373321066,0.109553339733891
"TTC25.83538","clinical_data_year_of_tobacco_smoking_onset",0.253101709028231,6.36836115268963e-07,0.975754284917834,394.362871280495,"turquoise",0.000808556373321066,0.109553339733891
"TTC29.83894","clinical_data_year_of_tobacco_smoking_onset",0.264599903727863,3.82495736837752e-07,0.96849383562718,389.013940623316,"turquoise",0.000808556373321066,0.109553339733891
"TTLL10.254173","clinical_data_year_of_tobacco_smoking_onset",0.281669229116402,1.78654397385778e-07,0.961715687205792,349.161241045642,"turquoise",0.000808556373321066,0.109553339733891
"TTLL9.164395","clinical_data_year_of_tobacco_smoking_onset",0.295366101378769,9.65357637399437e-08,0.941357539081663,301.108157621381,"turquoise",0.000808556373321066,0.109553339733891
"TUBA4B.80086","clinical_data_year_of_tobacco_smoking_onset",0.263026157445238,4.10190507576146e-07,0.935274373882472,338.044275477672,"turquoise",0.000808556373321066,0.109553339733891
"TXNDC6.347736","clinical_data_year_of_tobacco_smoking_onset",0.25402133484886,6.11438929097144e-07,0.972726399198232,369.047597710781,"turquoise",0.000808556373321066,0.109553339733891
"UCKL1AS.100113386","clinical_data_year_of_tobacco_smoking_onset",0.372519742136939,2.69572300455535e-09,0.947077007736022,292.26370549524,"turquoise",0.000808556373321066,0.109553339733891
"VTCN1.79679","clinical_data_year_of_tobacco_smoking_onset",0.20058022068996,6.42746845590585e-06,0.807920924736242,180.560432263344,"turquoise",0.000808556373321066,0.109553339733891
"VWA3A.146177","clinical_data_year_of_tobacco_smoking_onset",0.202157515359849,5.9970556396143e-06,0.856515705788235,205.693295829009,"turquoise",0.000808556373321066,0.109553339733891
"VWA3B.200403","clinical_data_year_of_tobacco_smoking_onset",0.284970007013498,1.54088717770089e-07,0.965790721672085,385.008291409233,"turquoise",0.000808556373321066,0.109553339733891
"WDR16.146845","clinical_data_year_of_tobacco_smoking_onset",0.264067209892418,3.91656076642278e-07,0.957772942572292,382.234650192578,"turquoise",0.000808556373321066,0.109553339733891
"WDR38.401551","clinical_data_year_of_tobacco_smoking_onset",0.265231155717464,3.71915107360471e-07,0.938904905570657,344.129191410769,"turquoise",0.000808556373321066,0.109553339733891
"WDR49.151790","clinical_data_year_of_tobacco_smoking_onset",0.256484554961065,5.48257713356107e-07,0.921094399745367,282.211492640025,"turquoise",0.000808556373321066,0.109553339733891
"WDR63.126820","clinical_data_year_of_tobacco_smoking_onset",0.213430706006793,3.65476704088689e-06,0.957320720374848,361.939389405704,"turquoise",0.000808556373321066,0.109553339733891
"WDR69.164781","clinical_data_year_of_tobacco_smoking_onset",0.231114345921853,1.67984417243689e-06,0.897887017941779,267.031500172409,"turquoise",0.000808556373321066,0.109553339733891
"WDR78.79819","clinical_data_year_of_tobacco_smoking_onset",0.251878997576894,6.72232026653914e-07,0.959078975028487,359.569543152013,"turquoise",0.000808556373321066,0.109553339733891
"WDR93.56964","clinical_data_year_of_tobacco_smoking_onset",0.262084911653006,4.27694982000162e-07,0.980252860262169,385.594067927697,"turquoise",0.000808556373321066,0.109553339733891
"WFDC6.140870","clinical_data_year_of_tobacco_smoking_onset",0.312771430177133,4.38397079407992e-08,0.921865942166769,268.227510259781,"turquoise",0.000808556373321066,0.109553339733891
"YSK4.80122","clinical_data_year_of_tobacco_smoking_onset",0.292996865913806,1.07417145627927e-07,0.96344682142003,379.677319431057,"turquoise",0.000808556373321066,0.109553339733891
"ZBBX.79740","clinical_data_year_of_tobacco_smoking_onset",0.35014924060527,7.7847964936038e-09,0.967948931153389,381.623225487506,"turquoise",0.000808556373321066,0.109553339733891
"ZMYND10.51364","clinical_data_year_of_tobacco_smoking_onset",0.300829383403236,7.54190567368816e-08,0.931067702580518,330.731773439361,"turquoise",0.000808556373321066,0.109553339733891
"ZMYND12.84217","clinical_data_year_of_tobacco_smoking_onset",0.225198585697023,2.17909159061129e-06,0.856524537364264,196.250960509126,"turquoise",0.000808556373321066,0.109553339733891
"ZNF440.126070","clinical_data_year_of_tobacco_smoking_onset",0.296154773949455,9.31608313056782e-08,0.803857805241921,172.248548902276,"turquoise",0.000808556373321066,0.109553339733891
"ZNF474.133923","clinical_data_year_of_tobacco_smoking_onset",0.218665221816245,2.90392577271315e-06,0.962483468462524,365.345534653913,"turquoise",0.000808556373321066,0.109553339733891
"ASTN1.460","clinical_data_year_of_tobacco_smoking_onset",-0.200318138553234,6.50192661854957e-06,0.817902919898214,20.6899494361675,"darkgrey",0.000789309190045566,0.0256061592121189
"SFTPA2.729238","clinical_data_year_of_tobacco_smoking_onset",-0.23963851153789,1.15405998086793e-06,-0.846623603303334,10.2619044904933,"orangered4",NA,NA
